,Target,Scenario,xvar_subset_code,Regression Model,Fold,Train Score,Test Score,Scenario / Variables
0,GSupply,BASE_SSP2,small,ElasticNet,0,0.0,-0.015276293729518775,BASE_SSP2 / small
1,GSupply,BASE_SSP2,small,ElasticNet,1,0.0,-0.00023552614289701346,BASE_SSP2 / small
2,GSupply,BASE_SSP2,small,ElasticNet,2,0.0,-0.0030568439033857864,BASE_SSP2 / small
3,GSupply,BASE_SSP2,small,ElasticNet,3,0.0,-0.000130513368415075,BASE_SSP2 / small
4,GSupply,BASE_SSP2,small,ElasticNet,4,0.0,-0.0009254401499139142,BASE_SSP2 / small
5,GSupply,BASE_SSP2,small,RandomForestRegressor,0,0.8566838329530384,0.06423683765676969,BASE_SSP2 / small
6,GSupply,BASE_SSP2,small,RandomForestRegressor,1,0.8640897728722734,0.020470216919385442,BASE_SSP2 / small
7,GSupply,BASE_SSP2,small,RandomForestRegressor,2,0.8693084893991896,-0.07875592432040635,BASE_SSP2 / small
8,GSupply,BASE_SSP2,small,RandomForestRegressor,3,0.8628139998322495,-0.04175289368048607,BASE_SSP2 / small
9,GSupply,BASE_SSP2,small,RandomForestRegressor,4,0.8525570849016916,0.14583620905105832,BASE_SSP2 / small
10,GSupply,BASE_SSP2,small,PySRRegressor,0,-3.5928828800990686e-09,-0.015292736132378248,BASE_SSP2 / small
11,GSupply,BASE_SSP2,small,PySRRegressor,1,0.08681554339613973,0.14610963354772855,BASE_SSP2 / small
12,GSupply,BASE_SSP2,small,PySRRegressor,2,-1.7015144848642194e-10,-0.0030582852001574956,BASE_SSP2 / small
13,GSupply,BASE_SSP2,small,PySRRegressor,3,-1.003183980330391e-09,-0.00013124178614476456,BASE_SSP2 / small
14,GSupply,BASE_SSP2,small,PySRRegressor,4,0.09868801781910164,0.10351187320301325,BASE_SSP2 / small
15,GSupply,BASE_SSP2,all,ElasticNet,0,0.0,-0.015276293729518775,BASE_SSP2 / all
16,GSupply,BASE_SSP2,all,ElasticNet,1,0.0,-0.00023552614289701346,BASE_SSP2 / all
17,GSupply,BASE_SSP2,all,ElasticNet,2,0.0,-0.0030568439033857864,BASE_SSP2 / all
18,GSupply,BASE_SSP2,all,ElasticNet,3,0.0,-0.000130513368415075,BASE_SSP2 / all
19,GSupply,BASE_SSP2,all,ElasticNet,4,0.0,-0.0009254401499139142,BASE_SSP2 / all
20,GSupply,BASE_SSP2,all,RandomForestRegressor,0,0.9952406933627866,0.9708238426712781,BASE_SSP2 / all
21,GSupply,BASE_SSP2,all,RandomForestRegressor,1,0.9950696727337427,0.9724162509765232,BASE_SSP2 / all
22,GSupply,BASE_SSP2,all,RandomForestRegressor,2,0.995052254042179,0.9747004256389159,BASE_SSP2 / all
23,GSupply,BASE_SSP2,all,RandomForestRegressor,3,0.9953553663369934,0.966987519894762,BASE_SSP2 / all
24,GSupply,BASE_SSP2,all,RandomForestRegressor,4,0.9955678894032898,0.9595921575718999,BASE_SSP2 / all
25,GSupply,BASE_SSP2,all,PySRRegressor,0,0.9936793092099708,0.992548393425613,BASE_SSP2 / all
26,GSupply,BASE_SSP2,all,PySRRegressor,1,0.9866716165894466,0.9863661022993816,BASE_SSP2 / all
27,GSupply,BASE_SSP2,all,PySRRegressor,2,0.9898555416575104,0.9889886979562051,BASE_SSP2 / all
28,GSupply,BASE_SSP2,all,PySRRegressor,3,0.9896665518769754,0.9901728136146462,BASE_SSP2 / all
29,GSupply,BASE_SSP2,all,PySRRegressor,4,0.9867756339934459,0.9853007941552582,BASE_SSP2 / all
30,GSupply,1p5c_OS_SSP2,small,ElasticNet,0,0.5610064919043078,0.5301726870442004,1p5c_OS_SSP2 / small
31,GSupply,1p5c_OS_SSP2,small,ElasticNet,1,0.5678586375721868,0.5445564240049208,1p5c_OS_SSP2 / small
32,GSupply,1p5c_OS_SSP2,small,ElasticNet,2,0.5623906666366754,0.563558388463533,1p5c_OS_SSP2 / small
33,GSupply,1p5c_OS_SSP2,small,ElasticNet,3,0.5342585430656304,0.5793612211627539,1p5c_OS_SSP2 / small
34,GSupply,1p5c_OS_SSP2,small,ElasticNet,4,0.5459205728783614,0.5388619351905215,1p5c_OS_SSP2 / small
35,GSupply,1p5c_OS_SSP2,small,RandomForestRegressor,0,0.9737274576252061,0.8533737822802867,1p5c_OS_SSP2 / small
36,GSupply,1p5c_OS_SSP2,small,RandomForestRegressor,1,0.975663781105325,0.780201652456267,1p5c_OS_SSP2 / small
37,GSupply,1p5c_OS_SSP2,small,RandomForestRegressor,2,0.9765428382872124,0.7937633409827912,1p5c_OS_SSP2 / small
38,GSupply,1p5c_OS_SSP2,small,RandomForestRegressor,3,0.9745003251400102,0.841156858829613,1p5c_OS_SSP2 / small
39,GSupply,1p5c_OS_SSP2,small,RandomForestRegressor,4,0.9703321251198703,0.8439870478326313,1p5c_OS_SSP2 / small
40,GSupply,1p5c_OS_SSP2,small,PySRRegressor,0,0.7446904299619705,0.7308036466084057,1p5c_OS_SSP2 / small
41,GSupply,1p5c_OS_SSP2,small,PySRRegressor,1,0.7511665767042405,0.723940685290182,1p5c_OS_SSP2 / small
42,GSupply,1p5c_OS_SSP2,small,PySRRegressor,2,0.7699334461640923,0.7570798971064773,1p5c_OS_SSP2 / small
43,GSupply,1p5c_OS_SSP2,small,PySRRegressor,3,0.756074694111448,0.8098629214061243,1p5c_OS_SSP2 / small
44,GSupply,1p5c_OS_SSP2,small,PySRRegressor,4,0.7688958509004578,0.7646798103972995,1p5c_OS_SSP2 / small
45,GSupply,1p5c_OS_SSP2,all,ElasticNet,0,0.5610064919043078,0.5301726870442003,1p5c_OS_SSP2 / all
46,GSupply,1p5c_OS_SSP2,all,ElasticNet,1,0.5678586375721868,0.5445564240049208,1p5c_OS_SSP2 / all
47,GSupply,1p5c_OS_SSP2,all,ElasticNet,2,0.5623906666366754,0.563558388463533,1p5c_OS_SSP2 / all
48,GSupply,1p5c_OS_SSP2,all,ElasticNet,3,0.5342585430656305,0.5793612211627537,1p5c_OS_SSP2 / all
49,GSupply,1p5c_OS_SSP2,all,ElasticNet,4,0.5459205728783614,0.5388619351905215,1p5c_OS_SSP2 / all
50,GSupply,1p5c_OS_SSP2,all,RandomForestRegressor,0,0.9916864035990196,0.8871001074183456,1p5c_OS_SSP2 / all
51,GSupply,1p5c_OS_SSP2,all,RandomForestRegressor,1,0.99122269710967,0.9396176821603449,1p5c_OS_SSP2 / all
52,GSupply,1p5c_OS_SSP2,all,RandomForestRegressor,2,0.9914067753143002,0.9451433527446881,1p5c_OS_SSP2 / all
53,GSupply,1p5c_OS_SSP2,all,RandomForestRegressor,3,0.9911744025314569,0.9331866394217994,1p5c_OS_SSP2 / all
54,GSupply,1p5c_OS_SSP2,all,RandomForestRegressor,4,0.9905219571320383,0.9452742772694792,1p5c_OS_SSP2 / all
55,GSupply,1p5c_OS_SSP2,all,PySRRegressor,0,0.9305667093973653,0.9096365753943095,1p5c_OS_SSP2 / all
56,GSupply,1p5c_OS_SSP2,all,PySRRegressor,1,0.9365824274676875,0.9490065738788807,1p5c_OS_SSP2 / all
57,GSupply,1p5c_OS_SSP2,all,PySRRegressor,2,0.9334945779005059,0.9396357056546021,1p5c_OS_SSP2 / all
58,GSupply,1p5c_OS_SSP2,all,PySRRegressor,3,0.9222382695555292,0.9132299373239618,1p5c_OS_SSP2 / all
59,GSupply,1p5c_OS_SSP2,all,PySRRegressor,4,0.9186434335194764,0.9024513616138646,1p5c_OS_SSP2 / all
60,GSupply,2C_SSP2,small,ElasticNet,0,0.455259234698011,0.46358451278685164,2C_SSP2 / small
61,GSupply,2C_SSP2,small,ElasticNet,1,0.47014322729540103,0.41227888852034,2C_SSP2 / small
62,GSupply,2C_SSP2,small,ElasticNet,2,0.4615930683425674,0.44810996802965897,2C_SSP2 / small
63,GSupply,2C_SSP2,small,ElasticNet,3,0.43496880259530724,0.46502703385065713,2C_SSP2 / small
64,GSupply,2C_SSP2,small,ElasticNet,4,0.43739058797207264,0.44963385069825634,2C_SSP2 / small
65,GSupply,2C_SSP2,small,RandomForestRegressor,0,0.9613313643062572,0.7715102861421209,2C_SSP2 / small
66,GSupply,2C_SSP2,small,RandomForestRegressor,1,0.9648690550547839,0.6855010663791565,2C_SSP2 / small
67,GSupply,2C_SSP2,small,RandomForestRegressor,2,0.9645340015373116,0.667614517301537,2C_SSP2 / small
68,GSupply,2C_SSP2,small,RandomForestRegressor,3,0.9623202570891967,0.7674500682993749,2C_SSP2 / small
69,GSupply,2C_SSP2,small,RandomForestRegressor,4,0.9596834996721059,0.776096095572028,2C_SSP2 / small
70,GSupply,2C_SSP2,small,PySRRegressor,0,0.6629985686203538,0.6905211627263028,2C_SSP2 / small
71,GSupply,2C_SSP2,small,PySRRegressor,1,0.6838682478177593,0.6001056570173604,2C_SSP2 / small
72,GSupply,2C_SSP2,small,PySRRegressor,2,0.6751136770967348,0.6287403739473276,2C_SSP2 / small
73,GSupply,2C_SSP2,small,PySRRegressor,3,0.6584107985264745,0.6996180906816687,2C_SSP2 / small
74,GSupply,2C_SSP2,small,PySRRegressor,4,0.7098961046115724,0.7416488879598473,2C_SSP2 / small
75,GSupply,2C_SSP2,all,ElasticNet,0,0.455259234698011,0.46358451278685164,2C_SSP2 / all
76,GSupply,2C_SSP2,all,ElasticNet,1,0.47014322729540103,0.41227888852034,2C_SSP2 / all
77,GSupply,2C_SSP2,all,ElasticNet,2,0.4615930683425674,0.44810996802965897,2C_SSP2 / all
78,GSupply,2C_SSP2,all,ElasticNet,3,0.43496880259530724,0.46502703385065713,2C_SSP2 / all
79,GSupply,2C_SSP2,all,ElasticNet,4,0.43739058797207264,0.44963385069825634,2C_SSP2 / all
80,GSupply,2C_SSP2,all,RandomForestRegressor,0,0.9927431657331038,0.9400501920664485,2C_SSP2 / all
81,GSupply,2C_SSP2,all,RandomForestRegressor,1,0.993344490099156,0.9330292914090405,2C_SSP2 / all
82,GSupply,2C_SSP2,all,RandomForestRegressor,2,0.992000599121429,0.9530952845862327,2C_SSP2 / all
83,GSupply,2C_SSP2,all,RandomForestRegressor,3,0.9922656910775834,0.9513486398435254,2C_SSP2 / all
84,GSupply,2C_SSP2,all,RandomForestRegressor,4,0.9926654977702335,0.9595886085726959,2C_SSP2 / all
85,GSupply,2C_SSP2,all,PySRRegressor,0,0.9132609781115686,0.9025453349216507,2C_SSP2 / all
86,GSupply,2C_SSP2,all,PySRRegressor,1,0.9686747750036564,0.9603957696349228,2C_SSP2 / all
87,GSupply,2C_SSP2,all,PySRRegressor,2,0.9578770688730857,0.9549949160074389,2C_SSP2 / all
88,GSupply,2C_SSP2,all,PySRRegressor,3,0.9713811934507192,0.9749807944416006,2C_SSP2 / all
89,GSupply,2C_SSP2,all,PySRRegressor,4,0.9415325145797121,0.9419901986286144,2C_SSP2 / all
90,GSupply,2C_SSP2_DA30,small,ElasticNet,0,0.5906265526606834,0.5658541411288702,2C_SSP2_DA30 / small
91,GSupply,2C_SSP2_DA30,small,ElasticNet,1,0.5967846129210863,0.5727531577958078,2C_SSP2_DA30 / small
92,GSupply,2C_SSP2_DA30,small,ElasticNet,2,0.5912848393667505,0.5992980984135645,2C_SSP2_DA30 / small
93,GSupply,2C_SSP2_DA30,small,ElasticNet,3,0.5667901161074226,0.6084471710161494,2C_SSP2_DA30 / small
94,GSupply,2C_SSP2_DA30,small,ElasticNet,4,0.5717086398607698,0.559858846511855,2C_SSP2_DA30 / small
95,GSupply,2C_SSP2_DA30,small,RandomForestRegressor,0,0.9804920182053818,0.8859360048893411,2C_SSP2_DA30 / small
96,GSupply,2C_SSP2_DA30,small,RandomForestRegressor,1,0.9823608063479876,0.8442274895810213,2C_SSP2_DA30 / small
97,GSupply,2C_SSP2_DA30,small,RandomForestRegressor,2,0.982241580137373,0.8587223068299928,2C_SSP2_DA30 / small
98,GSupply,2C_SSP2_DA30,small,RandomForestRegressor,3,0.9823523030375193,0.8679526312875163,2C_SSP2_DA30 / small
99,GSupply,2C_SSP2_DA30,small,RandomForestRegressor,4,0.9800286745711241,0.8899608102331171,2C_SSP2_DA30 / small
100,GSupply,2C_SSP2_DA30,small,PySRRegressor,0,0.8121589686129086,0.8047365793819587,2C_SSP2_DA30 / small
101,GSupply,2C_SSP2_DA30,small,PySRRegressor,1,0.8163109504026982,0.7847115776843503,2C_SSP2_DA30 / small
102,GSupply,2C_SSP2_DA30,small,PySRRegressor,2,0.8135261472023492,0.7960097410336122,2C_SSP2_DA30 / small
103,GSupply,2C_SSP2_DA30,small,PySRRegressor,3,0.8049615191747158,0.8313817363122064,2C_SSP2_DA30 / small
104,GSupply,2C_SSP2_DA30,small,PySRRegressor,4,0.8070980550808062,0.8209309641896128,2C_SSP2_DA30 / small
105,GSupply,2C_SSP2_DA30,all,ElasticNet,0,0.5906265526606834,0.5658541411288702,2C_SSP2_DA30 / all
106,GSupply,2C_SSP2_DA30,all,ElasticNet,1,0.5967846129210863,0.5727531577958078,2C_SSP2_DA30 / all
107,GSupply,2C_SSP2_DA30,all,ElasticNet,2,0.5912848393667505,0.5992980984135645,2C_SSP2_DA30 / all
108,GSupply,2C_SSP2_DA30,all,ElasticNet,3,0.5667901161074226,0.6084471710161494,2C_SSP2_DA30 / all
109,GSupply,2C_SSP2_DA30,all,ElasticNet,4,0.5717086398607698,0.5598588465118549,2C_SSP2_DA30 / all
110,GSupply,2C_SSP2_DA30,all,RandomForestRegressor,0,0.9930483431291997,0.93587983412094,2C_SSP2_DA30 / all
111,GSupply,2C_SSP2_DA30,all,RandomForestRegressor,1,0.993733042157743,0.943493946043007,2C_SSP2_DA30 / all
112,GSupply,2C_SSP2_DA30,all,RandomForestRegressor,2,0.9917951585935018,0.9488843016152521,2C_SSP2_DA30 / all
113,GSupply,2C_SSP2_DA30,all,RandomForestRegressor,3,0.9927702667753883,0.9372033880216403,2C_SSP2_DA30 / all
114,GSupply,2C_SSP2_DA30,all,RandomForestRegressor,4,0.9910774477522355,0.9564604411758858,2C_SSP2_DA30 / all
115,GSupply,2C_SSP2_DA30,all,PySRRegressor,0,0.9112821716209947,0.8873004085780083,2C_SSP2_DA30 / all
116,GSupply,2C_SSP2_DA30,all,PySRRegressor,1,0.9030191552430962,0.923374247194294,2C_SSP2_DA30 / all
117,GSupply,2C_SSP2_DA30,all,PySRRegressor,2,0.9069868826238254,0.9041237331353992,2C_SSP2_DA30 / all
118,GSupply,2C_SSP2_DA30,all,PySRRegressor,3,0.9191851332530738,0.9018460829779912,2C_SSP2_DA30 / all
119,GSupply,2C_SSP2_DA30,all,PySRRegressor,4,0.9037820275894596,0.9141317620003769,2C_SSP2_DA30 / all
120,GSupply,ALL,small_inc_enc,ElasticNet,0,0.45881691995877405,-3.984826426373978,ALL / small_inc_enc
121,GSupply,ALL,small_inc_enc,ElasticNet,1,0.4815902609741134,0.296995007502169,ALL / small_inc_enc
122,GSupply,ALL,small_inc_enc,ElasticNet,2,0.48719999674233017,0.33516164430020534,ALL / small_inc_enc
123,GSupply,ALL,small_inc_enc,ElasticNet,3,0.5105384235719338,0.173379352234468,ALL / small_inc_enc
124,GSupply,ALL,small_inc_enc,ElasticNet,4,0.44007909657424515,0.2838453918973757,ALL / small_inc_enc
125,GSupply,ALL,small_inc_enc,RandomForestRegressor,0,0.9824514488718656,0.13344180290513263,ALL / small_inc_enc
126,GSupply,ALL,small_inc_enc,RandomForestRegressor,1,0.9841743226479269,0.8646680005121106,ALL / small_inc_enc
127,GSupply,ALL,small_inc_enc,RandomForestRegressor,2,0.9842256660760925,0.8674588697862375,ALL / small_inc_enc
128,GSupply,ALL,small_inc_enc,RandomForestRegressor,3,0.9852385378216679,0.8727920142706845,ALL / small_inc_enc
129,GSupply,ALL,small_inc_enc,RandomForestRegressor,4,0.9837572906868188,0.8561095237168345,ALL / small_inc_enc
130,GSupply,ALL,small_inc_enc,PySRRegressor,0,0.7731168547643074,-0.474845316370329,ALL / small_inc_enc
131,GSupply,ALL,small_inc_enc,PySRRegressor,1,0.8014788582570683,0.706903699302574,ALL / small_inc_enc
132,GSupply,ALL,small_inc_enc,PySRRegressor,2,0.7777480976286378,0.6937526919329688,ALL / small_inc_enc
133,GSupply,ALL,small_inc_enc,PySRRegressor,3,0.8225751477566522,0.6762212201814837,ALL / small_inc_enc
134,GSupply,ALL,small_inc_enc,PySRRegressor,4,0.7754099803959639,0.8081695917226976,ALL / small_inc_enc
135,GSupply,ALL,all_inc_enc,ElasticNet,0,0.45881691995877416,-3.984826426373978,ALL / all_inc_enc
136,GSupply,ALL,all_inc_enc,ElasticNet,1,0.4815902609741134,0.2969950075021687,ALL / all_inc_enc
137,GSupply,ALL,all_inc_enc,ElasticNet,2,0.48719999674233017,0.33516164430020556,ALL / all_inc_enc
138,GSupply,ALL,all_inc_enc,ElasticNet,3,0.5105384235719338,0.173379352234468,ALL / all_inc_enc
139,GSupply,ALL,all_inc_enc,ElasticNet,4,0.44007909657424515,0.2838453918973757,ALL / all_inc_enc
140,GSupply,ALL,all_inc_enc,RandomForestRegressor,0,0.9944743757053055,0.8242129788143366,ALL / all_inc_enc
141,GSupply,ALL,all_inc_enc,RandomForestRegressor,1,0.9946505786906754,0.9467617482627515,ALL / all_inc_enc
142,GSupply,ALL,all_inc_enc,RandomForestRegressor,2,0.9949753342904504,0.9576922688945421,ALL / all_inc_enc
143,GSupply,ALL,all_inc_enc,RandomForestRegressor,3,0.9937575473803758,0.7838633155955504,ALL / all_inc_enc
144,GSupply,ALL,all_inc_enc,RandomForestRegressor,4,0.9940823796124931,0.9172512532238277,ALL / all_inc_enc
145,GSupply,ALL,all_inc_enc,PySRRegressor,0,0.8367461402990082,-3.8923810203711913,ALL / all_inc_enc
146,GSupply,ALL,all_inc_enc,PySRRegressor,1,0.8754874661411141,0.7768731109713306,ALL / all_inc_enc
147,GSupply,ALL,all_inc_enc,PySRRegressor,2,0.8521906251332314,0.7337738142108784,ALL / all_inc_enc
148,GSupply,ALL,all_inc_enc,PySRRegressor,3,0.6852673685552775,0.16271276578879645,ALL / all_inc_enc
149,GSupply,ALL,all_inc_enc,PySRRegressor,4,0.8423305098557772,0.37306478590023195,ALL / all_inc_enc
150,CO2eq,BASE_SSP2,small,ElasticNet,0,0.0,-0.0066391073734966,BASE_SSP2 / small
151,CO2eq,BASE_SSP2,small,ElasticNet,1,0.0,-0.0006098007708241759,BASE_SSP2 / small
152,CO2eq,BASE_SSP2,small,ElasticNet,2,0.0,-0.0002701826944464525,BASE_SSP2 / small
153,CO2eq,BASE_SSP2,small,ElasticNet,3,0.0,-0.00028480424410792793,BASE_SSP2 / small
154,CO2eq,BASE_SSP2,small,ElasticNet,4,0.0,-0.00025714757970507485,BASE_SSP2 / small
155,CO2eq,BASE_SSP2,small,RandomForestRegressor,0,0.8602117182651099,0.09969162920776742,BASE_SSP2 / small
156,CO2eq,BASE_SSP2,small,RandomForestRegressor,1,0.8662196808168392,0.0336621670743561,BASE_SSP2 / small
157,CO2eq,BASE_SSP2,small,RandomForestRegressor,2,0.8692906040095268,-0.0803136193762568,BASE_SSP2 / small
158,CO2eq,BASE_SSP2,small,RandomForestRegressor,3,0.8640175321583399,-0.07286276146512338,BASE_SSP2 / small
159,CO2eq,BASE_SSP2,small,RandomForestRegressor,4,0.8552662338607283,0.0669873506072034,BASE_SSP2 / small
160,CO2eq,BASE_SSP2,small,PySRRegressor,0,0.04985165754483578,0.16125832249976668,BASE_SSP2 / small
161,CO2eq,BASE_SSP2,small,PySRRegressor,1,-5.865241625713224e-11,-0.0006101689414510503,BASE_SSP2 / small
162,CO2eq,BASE_SSP2,small,PySRRegressor,2,-8.542961893454049e-10,-0.0002711405610196227,BASE_SSP2 / small
163,CO2eq,BASE_SSP2,small,PySRRegressor,3,-5.004596737023803e-11,-0.00028457074277388195,BASE_SSP2 / small
164,CO2eq,BASE_SSP2,small,PySRRegressor,4,-3.108131529927505e-10,-0.0002576924612558429,BASE_SSP2 / small
165,CO2eq,BASE_SSP2,all,ElasticNet,0,0.0,-0.0066391073734966,BASE_SSP2 / all
166,CO2eq,BASE_SSP2,all,ElasticNet,1,0.0,-0.0006098007708241759,BASE_SSP2 / all
167,CO2eq,BASE_SSP2,all,ElasticNet,2,0.0,-0.0002701826944464525,BASE_SSP2 / all
168,CO2eq,BASE_SSP2,all,ElasticNet,3,0.0,-0.00028480424410792793,BASE_SSP2 / all
169,CO2eq,BASE_SSP2,all,ElasticNet,4,0.0,-0.00025714757970507485,BASE_SSP2 / all
170,CO2eq,BASE_SSP2,all,RandomForestRegressor,0,0.9953542133174447,0.9662783528860107,BASE_SSP2 / all
171,CO2eq,BASE_SSP2,all,RandomForestRegressor,1,0.9953006425316356,0.9732753497521472,BASE_SSP2 / all
172,CO2eq,BASE_SSP2,all,RandomForestRegressor,2,0.9952174552569186,0.9716667366172763,BASE_SSP2 / all
173,CO2eq,BASE_SSP2,all,RandomForestRegressor,3,0.9951185680529677,0.9659962531503059,BASE_SSP2 / all
174,CO2eq,BASE_SSP2,all,RandomForestRegressor,4,0.9955414715249012,0.9619302202382369,BASE_SSP2 / all
175,CO2eq,BASE_SSP2,all,PySRRegressor,0,0.979151218560141,0.9717039393986483,BASE_SSP2 / all
176,CO2eq,BASE_SSP2,all,PySRRegressor,1,0.9836609306892581,0.9813613447382765,BASE_SSP2 / all
177,CO2eq,BASE_SSP2,all,PySRRegressor,2,0.9840962205177411,0.9834846064202286,BASE_SSP2 / all
178,CO2eq,BASE_SSP2,all,PySRRegressor,3,0.9774977970149491,0.9771179408828673,BASE_SSP2 / all
179,CO2eq,BASE_SSP2,all,PySRRegressor,4,0.9744528713817637,0.9777032679529561,BASE_SSP2 / all
180,CO2eq,1p5c_OS_SSP2,small,ElasticNet,0,0.5690797441116877,0.5628128149126517,1p5c_OS_SSP2 / small
181,CO2eq,1p5c_OS_SSP2,small,ElasticNet,1,0.5694905393392387,0.5644398488588893,1p5c_OS_SSP2 / small
182,CO2eq,1p5c_OS_SSP2,small,ElasticNet,2,0.5661591369877527,0.530690814004144,1p5c_OS_SSP2 / small
183,CO2eq,1p5c_OS_SSP2,small,ElasticNet,3,0.5428641845594326,0.543764794557777,1p5c_OS_SSP2 / small
184,CO2eq,1p5c_OS_SSP2,small,ElasticNet,4,0.551327560487056,0.5811318638479952,1p5c_OS_SSP2 / small
185,CO2eq,1p5c_OS_SSP2,small,RandomForestRegressor,0,0.9972541345436563,0.9801697235360196,1p5c_OS_SSP2 / small
186,CO2eq,1p5c_OS_SSP2,small,RandomForestRegressor,1,0.9974007040614403,0.9789907934846928,1p5c_OS_SSP2 / small
187,CO2eq,1p5c_OS_SSP2,small,RandomForestRegressor,2,0.9973460390788674,0.9801183062434576,1p5c_OS_SSP2 / small
188,CO2eq,1p5c_OS_SSP2,small,RandomForestRegressor,3,0.9972763612075995,0.9853794255729897,1p5c_OS_SSP2 / small
189,CO2eq,1p5c_OS_SSP2,small,RandomForestRegressor,4,0.997259094108376,0.979218934747063,1p5c_OS_SSP2 / small
190,CO2eq,1p5c_OS_SSP2,small,PySRRegressor,0,0.9596383867180176,0.9482564485557061,1p5c_OS_SSP2 / small
191,CO2eq,1p5c_OS_SSP2,small,PySRRegressor,1,0.9615348230419559,0.9579071257826337,1p5c_OS_SSP2 / small
192,CO2eq,1p5c_OS_SSP2,small,PySRRegressor,2,0.9631022766039496,0.9639736721547327,1p5c_OS_SSP2 / small
193,CO2eq,1p5c_OS_SSP2,small,PySRRegressor,3,0.9628074126927201,0.9661298359332903,1p5c_OS_SSP2 / small
194,CO2eq,1p5c_OS_SSP2,small,PySRRegressor,4,0.9583727901871933,0.9642976182477121,1p5c_OS_SSP2 / small
195,CO2eq,1p5c_OS_SSP2,all,ElasticNet,0,0.5690797441116877,0.5628128149126517,1p5c_OS_SSP2 / all
196,CO2eq,1p5c_OS_SSP2,all,ElasticNet,1,0.5694905393392387,0.5644398488588893,1p5c_OS_SSP2 / all
197,CO2eq,1p5c_OS_SSP2,all,ElasticNet,2,0.5661591369877527,0.530690814004144,1p5c_OS_SSP2 / all
198,CO2eq,1p5c_OS_SSP2,all,ElasticNet,3,0.5428641845594326,0.543764794557777,1p5c_OS_SSP2 / all
199,CO2eq,1p5c_OS_SSP2,all,ElasticNet,4,0.551327560487056,0.5811318638479952,1p5c_OS_SSP2 / all
200,CO2eq,1p5c_OS_SSP2,all,RandomForestRegressor,0,0.999019222682352,0.9901826038295436,1p5c_OS_SSP2 / all
201,CO2eq,1p5c_OS_SSP2,all,RandomForestRegressor,1,0.9989140654738382,0.9932470668609432,1p5c_OS_SSP2 / all
202,CO2eq,1p5c_OS_SSP2,all,RandomForestRegressor,2,0.9988006442090899,0.9940220858769964,1p5c_OS_SSP2 / all
203,CO2eq,1p5c_OS_SSP2,all,RandomForestRegressor,3,0.9988727057884876,0.9921243773297969,1p5c_OS_SSP2 / all
204,CO2eq,1p5c_OS_SSP2,all,RandomForestRegressor,4,0.9989309721240403,0.9937259022156526,1p5c_OS_SSP2 / all
205,CO2eq,1p5c_OS_SSP2,all,PySRRegressor,0,0.9608365912929592,0.9531155613683511,1p5c_OS_SSP2 / all
206,CO2eq,1p5c_OS_SSP2,all,PySRRegressor,1,0.9690238478830322,0.9673283462210756,1p5c_OS_SSP2 / all
207,CO2eq,1p5c_OS_SSP2,all,PySRRegressor,2,0.9654439686083043,0.9678825459549506,1p5c_OS_SSP2 / all
208,CO2eq,1p5c_OS_SSP2,all,PySRRegressor,3,0.9692871475473769,0.9702535319877978,1p5c_OS_SSP2 / all
209,CO2eq,1p5c_OS_SSP2,all,PySRRegressor,4,0.9624240637129817,0.9671414741989028,1p5c_OS_SSP2 / all
210,CO2eq,2C_SSP2,small,ElasticNet,0,0.6864020973885372,0.6760732355811492,2C_SSP2 / small
211,CO2eq,2C_SSP2,small,ElasticNet,1,0.6880719603311624,0.675387931269751,2C_SSP2 / small
212,CO2eq,2C_SSP2,small,ElasticNet,2,0.6837523632385175,0.6784341797085796,2C_SSP2 / small
213,CO2eq,2C_SSP2,small,ElasticNet,3,0.6630070776487663,0.6673604863014659,2C_SSP2 / small
214,CO2eq,2C_SSP2,small,ElasticNet,4,0.6676917187141815,0.6841197832267751,2C_SSP2 / small
215,CO2eq,2C_SSP2,small,RandomForestRegressor,0,0.9992237647536104,0.9949139095167873,2C_SSP2 / small
216,CO2eq,2C_SSP2,small,RandomForestRegressor,1,0.9992441366696969,0.9946825002855132,2C_SSP2 / small
217,CO2eq,2C_SSP2,small,RandomForestRegressor,2,0.9992567659300019,0.9939176017264868,2C_SSP2 / small
218,CO2eq,2C_SSP2,small,RandomForestRegressor,3,0.9991903403216887,0.9950409724288652,2C_SSP2 / small
219,CO2eq,2C_SSP2,small,RandomForestRegressor,4,0.9991889169594563,0.9951818992494049,2C_SSP2 / small
220,CO2eq,2C_SSP2,small,PySRRegressor,0,0.9860190828432863,0.9874355637609105,2C_SSP2 / small
221,CO2eq,2C_SSP2,small,PySRRegressor,1,0.9817929002123121,0.9783474601473096,2C_SSP2 / small
222,CO2eq,2C_SSP2,small,PySRRegressor,2,0.9869319174195929,0.9834326757041555,2C_SSP2 / small
223,CO2eq,2C_SSP2,small,PySRRegressor,3,0.9897210745625776,0.9894800323881777,2C_SSP2 / small
224,CO2eq,2C_SSP2,small,PySRRegressor,4,0.9896849857076307,0.9912077074415424,2C_SSP2 / small
225,CO2eq,2C_SSP2,all,ElasticNet,0,0.6864020973885372,0.6760732355811492,2C_SSP2 / all
226,CO2eq,2C_SSP2,all,ElasticNet,1,0.6880719603311624,0.675387931269751,2C_SSP2 / all
227,CO2eq,2C_SSP2,all,ElasticNet,2,0.6837523632385175,0.6784341797085796,2C_SSP2 / all
228,CO2eq,2C_SSP2,all,ElasticNet,3,0.6630070776487663,0.6673604863014659,2C_SSP2 / all
229,CO2eq,2C_SSP2,all,ElasticNet,4,0.6676917187141815,0.6841197832267751,2C_SSP2 / all
230,CO2eq,2C_SSP2,all,RandomForestRegressor,0,0.9995589402552728,0.9972229748384959,2C_SSP2 / all
231,CO2eq,2C_SSP2,all,RandomForestRegressor,1,0.999517475363214,0.9968408133799664,2C_SSP2 / all
232,CO2eq,2C_SSP2,all,RandomForestRegressor,2,0.999494490804963,0.9966054896615546,2C_SSP2 / all
233,CO2eq,2C_SSP2,all,RandomForestRegressor,3,0.9995184541619659,0.9962975145327758,2C_SSP2 / all
234,CO2eq,2C_SSP2,all,RandomForestRegressor,4,0.9994890531183196,0.9961146658826124,2C_SSP2 / all
235,CO2eq,2C_SSP2,all,PySRRegressor,0,0.9860190824891798,0.9874347682228367,2C_SSP2 / all
236,CO2eq,2C_SSP2,all,PySRRegressor,1,0.9865933338954613,0.9849611204665899,2C_SSP2 / all
237,CO2eq,2C_SSP2,all,PySRRegressor,2,0.9819974098890671,0.9791759336999438,2C_SSP2 / all
238,CO2eq,2C_SSP2,all,PySRRegressor,3,0.9865655253014638,0.9864447392225243,2C_SSP2 / all
239,CO2eq,2C_SSP2,all,PySRRegressor,4,0.9817234474579873,0.9843658110267558,2C_SSP2 / all
240,CO2eq,2C_SSP2_DA30,small,ElasticNet,0,0.5981642319524165,0.586627534604843,2C_SSP2_DA30 / small
241,CO2eq,2C_SSP2_DA30,small,ElasticNet,1,0.600317965944521,0.5843155958740842,2C_SSP2_DA30 / small
242,CO2eq,2C_SSP2_DA30,small,ElasticNet,2,0.5952681991148091,0.5704741142088141,2C_SSP2_DA30 / small
243,CO2eq,2C_SSP2_DA30,small,ElasticNet,3,0.5743359859346628,0.5836820611886913,2C_SSP2_DA30 / small
244,CO2eq,2C_SSP2_DA30,small,ElasticNet,4,0.5824383751341515,0.6106133468312904,2C_SSP2_DA30 / small
245,CO2eq,2C_SSP2_DA30,small,RandomForestRegressor,0,0.9987089856217739,0.9922248190584514,2C_SSP2_DA30 / small
246,CO2eq,2C_SSP2_DA30,small,RandomForestRegressor,1,0.9988440629433168,0.9910482424632718,2C_SSP2_DA30 / small
247,CO2eq,2C_SSP2_DA30,small,RandomForestRegressor,2,0.998823205830424,0.9909652344477805,2C_SSP2_DA30 / small
248,CO2eq,2C_SSP2_DA30,small,RandomForestRegressor,3,0.998715889594597,0.9922464675747824,2C_SSP2_DA30 / small
249,CO2eq,2C_SSP2_DA30,small,RandomForestRegressor,4,0.9988017986482984,0.9908982735135881,2C_SSP2_DA30 / small
250,CO2eq,2C_SSP2_DA30,small,PySRRegressor,0,0.9647917598537417,0.9667629903368273,2C_SSP2_DA30 / small
251,CO2eq,2C_SSP2_DA30,small,PySRRegressor,1,0.9606571878418042,0.9527777593000566,2C_SSP2_DA30 / small
252,CO2eq,2C_SSP2_DA30,small,PySRRegressor,2,0.9716908120508067,0.9702976432295027,2C_SSP2_DA30 / small
253,CO2eq,2C_SSP2_DA30,small,PySRRegressor,3,0.9654667590443303,0.966190380616347,2C_SSP2_DA30 / small
254,CO2eq,2C_SSP2_DA30,small,PySRRegressor,4,0.9451342506338252,0.9497743053508244,2C_SSP2_DA30 / small
255,CO2eq,2C_SSP2_DA30,all,ElasticNet,0,0.5981642319524165,0.586627534604843,2C_SSP2_DA30 / all
256,CO2eq,2C_SSP2_DA30,all,ElasticNet,1,0.600317965944521,0.5843155958740842,2C_SSP2_DA30 / all
257,CO2eq,2C_SSP2_DA30,all,ElasticNet,2,0.5952681991148091,0.5704741142088141,2C_SSP2_DA30 / all
258,CO2eq,2C_SSP2_DA30,all,ElasticNet,3,0.5743359859346628,0.5836820611886913,2C_SSP2_DA30 / all
259,CO2eq,2C_SSP2_DA30,all,ElasticNet,4,0.5824383751341515,0.6106133468312904,2C_SSP2_DA30 / all
260,CO2eq,2C_SSP2_DA30,all,RandomForestRegressor,0,0.9993960748778729,0.9963366835628522,2C_SSP2_DA30 / all
261,CO2eq,2C_SSP2_DA30,all,RandomForestRegressor,1,0.9994377117021271,0.9963435642945809,2C_SSP2_DA30 / all
262,CO2eq,2C_SSP2_DA30,all,RandomForestRegressor,2,0.9994269688875405,0.996744457763802,2C_SSP2_DA30 / all
263,CO2eq,2C_SSP2_DA30,all,RandomForestRegressor,3,0.9994291157898381,0.99521066407312,2C_SSP2_DA30 / all
264,CO2eq,2C_SSP2_DA30,all,RandomForestRegressor,4,0.999417580708151,0.9956069229319522,2C_SSP2_DA30 / all
265,CO2eq,2C_SSP2_DA30,all,PySRRegressor,0,0.9459540744193998,0.9466032537476002,2C_SSP2_DA30 / all
266,CO2eq,2C_SSP2_DA30,all,PySRRegressor,1,0.9621609261188969,0.9530664639177127,2C_SSP2_DA30 / all
267,CO2eq,2C_SSP2_DA30,all,PySRRegressor,2,0.9467520331393227,0.9433697413034998,2C_SSP2_DA30 / all
268,CO2eq,2C_SSP2_DA30,all,PySRRegressor,3,0.9448977771198221,0.9498242060948999,2C_SSP2_DA30 / all
269,CO2eq,2C_SSP2_DA30,all,PySRRegressor,4,0.9642529018756583,0.9653041298020248,2C_SSP2_DA30 / all
270,CO2eq,ALL,small_inc_enc,ElasticNet,0,0.6440735867906942,-2.17772617822341,ALL / small_inc_enc
271,CO2eq,ALL,small_inc_enc,ElasticNet,1,0.7794701263451197,0.7003075445558097,ALL / small_inc_enc
272,CO2eq,ALL,small_inc_enc,ElasticNet,2,0.8007978577897299,0.40705278760900687,ALL / small_inc_enc
273,CO2eq,ALL,small_inc_enc,ElasticNet,3,0.8284215353402851,0.19203920452691314,ALL / small_inc_enc
274,CO2eq,ALL,small_inc_enc,ElasticNet,4,0.810004635882621,0.20541066518199347,ALL / small_inc_enc
275,CO2eq,ALL,small_inc_enc,RandomForestRegressor,0,0.9986774742671032,0.03778751244547629,ALL / small_inc_enc
276,CO2eq,ALL,small_inc_enc,RandomForestRegressor,1,0.9980151345090301,0.9889179272380006,ALL / small_inc_enc
277,CO2eq,ALL,small_inc_enc,RandomForestRegressor,2,0.9980336580628835,0.9938924400377842,ALL / small_inc_enc
278,CO2eq,ALL,small_inc_enc,RandomForestRegressor,3,0.9980860231411106,0.9950051344921642,ALL / small_inc_enc
279,CO2eq,ALL,small_inc_enc,RandomForestRegressor,4,0.9980126167678723,0.9910437199794045,ALL / small_inc_enc
280,CO2eq,ALL,small_inc_enc,PySRRegressor,0,0.9561071138035159,-2.303160617067956,ALL / small_inc_enc
281,CO2eq,ALL,small_inc_enc,PySRRegressor,1,0.95084856861869,0.9582493739566638,ALL / small_inc_enc
282,CO2eq,ALL,small_inc_enc,PySRRegressor,2,0.9633882163084277,0.9337669149997275,ALL / small_inc_enc
283,CO2eq,ALL,small_inc_enc,PySRRegressor,3,0.9263635553909535,0.8057712690052908,ALL / small_inc_enc
284,CO2eq,ALL,small_inc_enc,PySRRegressor,4,0.9422280154383927,0.6240967699091859,ALL / small_inc_enc
285,CO2eq,ALL,all_inc_enc,ElasticNet,0,0.6440735867906942,-2.17772617822341,ALL / all_inc_enc
286,CO2eq,ALL,all_inc_enc,ElasticNet,1,0.7794701263451197,0.7003075445558097,ALL / all_inc_enc
287,CO2eq,ALL,all_inc_enc,ElasticNet,2,0.8007978577897299,0.40705278760900687,ALL / all_inc_enc
288,CO2eq,ALL,all_inc_enc,ElasticNet,3,0.8284215353402851,0.19203920452691314,ALL / all_inc_enc
289,CO2eq,ALL,all_inc_enc,ElasticNet,4,0.810004635882621,0.20541066518199347,ALL / all_inc_enc
290,CO2eq,ALL,all_inc_enc,RandomForestRegressor,0,0.9996723074890056,0.8965620623660303,ALL / all_inc_enc
291,CO2eq,ALL,all_inc_enc,RandomForestRegressor,1,0.9997981430718162,0.9984457688476723,ALL / all_inc_enc
292,CO2eq,ALL,all_inc_enc,RandomForestRegressor,2,0.9998133150968754,0.9969172609180703,ALL / all_inc_enc
293,CO2eq,ALL,all_inc_enc,RandomForestRegressor,3,0.9998214162806963,0.9967939012017095,ALL / all_inc_enc
294,CO2eq,ALL,all_inc_enc,RandomForestRegressor,4,0.9998197778786541,0.9934612772515065,ALL / all_inc_enc
295,CO2eq,ALL,all_inc_enc,PySRRegressor,0,0.9310367730899459,-0.0014977772838637993,ALL / all_inc_enc
296,CO2eq,ALL,all_inc_enc,PySRRegressor,1,0.9139209728770459,0.94088735116155,ALL / all_inc_enc
297,CO2eq,ALL,all_inc_enc,PySRRegressor,2,0.9214977828193509,0.799612918173064,ALL / all_inc_enc
298,CO2eq,ALL,all_inc_enc,PySRRegressor,3,0.9256267338495333,0.5494439218425744,ALL / all_inc_enc
299,CO2eq,ALL,all_inc_enc,PySRRegressor,4,0.9422280154386343,0.6240964713458246,ALL / all_inc_enc
300,GConsumption,BASE_SSP2,small,ElasticNet,0,0.0008382217182953955,-0.008262928872307063,BASE_SSP2 / small
301,GConsumption,BASE_SSP2,small,ElasticNet,1,0.0010794138331209346,0.000749839609779035,BASE_SSP2 / small
302,GConsumption,BASE_SSP2,small,ElasticNet,2,0.0012516783198548431,-0.0005889989881180391,BASE_SSP2 / small
303,GConsumption,BASE_SSP2,small,ElasticNet,3,0.0010882842607975451,0.0006363779734112063,BASE_SSP2 / small
304,GConsumption,BASE_SSP2,small,ElasticNet,4,0.002342736309017379,-0.003152998732881107,BASE_SSP2 / small
305,GConsumption,BASE_SSP2,small,RandomForestRegressor,0,0.8648654051772945,0.1360079326715935,BASE_SSP2 / small
306,GConsumption,BASE_SSP2,small,RandomForestRegressor,1,0.8673443266034745,0.016480189239410636,BASE_SSP2 / small
307,GConsumption,BASE_SSP2,small,RandomForestRegressor,2,0.8717363168592467,-0.08098766215961284,BASE_SSP2 / small
308,GConsumption,BASE_SSP2,small,RandomForestRegressor,3,0.8641083698373645,-0.015557206068906648,BASE_SSP2 / small
309,GConsumption,BASE_SSP2,small,RandomForestRegressor,4,0.8550223271258878,0.12211443787047893,BASE_SSP2 / small
310,GConsumption,BASE_SSP2,small,PySRRegressor,0,-1.4211520849016779e-09,-0.009597830035459554,BASE_SSP2 / small
311,GConsumption,BASE_SSP2,small,PySRRegressor,1,-2.0016944768386224e-08,-0.00014978954741340367,BASE_SSP2 / small
312,GConsumption,BASE_SSP2,small,PySRRegressor,2,0.04491844012750612,-0.08347612759175704,BASE_SSP2 / small
313,GConsumption,BASE_SSP2,small,PySRRegressor,3,-1.38212352673861e-09,-0.0001284453758154669,BASE_SSP2 / small
314,GConsumption,BASE_SSP2,small,PySRRegressor,4,-1.2168044349891716e-12,-0.0008860182377119497,BASE_SSP2 / small
315,GConsumption,BASE_SSP2,all,ElasticNet,0,0.014210118214070144,0.004303674227283727,BASE_SSP2 / all
316,GConsumption,BASE_SSP2,all,ElasticNet,1,0.013448981715325714,0.012735706948398207,BASE_SSP2 / all
317,GConsumption,BASE_SSP2,all,ElasticNet,2,0.013492835159444327,0.01214873726254695,BASE_SSP2 / all
318,GConsumption,BASE_SSP2,all,ElasticNet,3,0.013390993087283642,0.013546739989303336,BASE_SSP2 / all
319,GConsumption,BASE_SSP2,all,ElasticNet,4,0.014880290129988594,0.009309335732864632,BASE_SSP2 / all
320,GConsumption,BASE_SSP2,all,RandomForestRegressor,0,0.9968427538643305,0.9836978975170586,BASE_SSP2 / all
321,GConsumption,BASE_SSP2,all,RandomForestRegressor,1,0.9966662251319224,0.9811754286849723,BASE_SSP2 / all
322,GConsumption,BASE_SSP2,all,RandomForestRegressor,2,0.9967569584904326,0.984012497968268,BASE_SSP2 / all
323,GConsumption,BASE_SSP2,all,RandomForestRegressor,3,0.9968147619495579,0.9803696565313422,BASE_SSP2 / all
324,GConsumption,BASE_SSP2,all,RandomForestRegressor,4,0.9970787130493607,0.9719707072358809,BASE_SSP2 / all
325,GConsumption,BASE_SSP2,all,PySRRegressor,0,0.9906423704635098,0.9880165990337383,BASE_SSP2 / all
326,GConsumption,BASE_SSP2,all,PySRRegressor,1,0.991349609832342,0.9893317358904248,BASE_SSP2 / all
327,GConsumption,BASE_SSP2,all,PySRRegressor,2,0.9950767450939745,0.9952840478279018,BASE_SSP2 / all
328,GConsumption,BASE_SSP2,all,PySRRegressor,3,0.9883418390512964,0.9870754217798172,BASE_SSP2 / all
329,GConsumption,BASE_SSP2,all,PySRRegressor,4,0.9874004397286562,0.9885565956298004,BASE_SSP2 / all
330,GConsumption,1p5c_OS_SSP2,small,ElasticNet,0,0.18926387686417123,0.1821549351530456,1p5c_OS_SSP2 / small
331,GConsumption,1p5c_OS_SSP2,small,ElasticNet,1,0.20918627456259176,0.14717266222654735,1p5c_OS_SSP2 / small
332,GConsumption,1p5c_OS_SSP2,small,ElasticNet,2,0.2045629206611458,0.15196369848190283,1p5c_OS_SSP2 / small
333,GConsumption,1p5c_OS_SSP2,small,ElasticNet,3,0.1754425426834756,0.23490582474150057,1p5c_OS_SSP2 / small
334,GConsumption,1p5c_OS_SSP2,small,ElasticNet,4,0.18216373127630958,0.20157700130775946,1p5c_OS_SSP2 / small
335,GConsumption,1p5c_OS_SSP2,small,RandomForestRegressor,0,0.8999198665464263,0.4587637103338481,1p5c_OS_SSP2 / small
336,GConsumption,1p5c_OS_SSP2,small,RandomForestRegressor,1,0.9106803330241586,0.2624333766591084,1p5c_OS_SSP2 / small
337,GConsumption,1p5c_OS_SSP2,small,RandomForestRegressor,2,0.9100879464688437,0.19036959625472394,1p5c_OS_SSP2 / small
338,GConsumption,1p5c_OS_SSP2,small,RandomForestRegressor,3,0.9072808653186347,0.3106158878411429,1p5c_OS_SSP2 / small
339,GConsumption,1p5c_OS_SSP2,small,RandomForestRegressor,4,0.9016073338682932,0.41570968827258825,1p5c_OS_SSP2 / small
340,GConsumption,1p5c_OS_SSP2,small,PySRRegressor,0,-4.234612660525272e-12,-0.015476090216226535,1p5c_OS_SSP2 / small
341,GConsumption,1p5c_OS_SSP2,small,PySRRegressor,1,0.26886407907404475,0.17074891898152944,1p5c_OS_SSP2 / small
342,GConsumption,1p5c_OS_SSP2,small,PySRRegressor,2,0.26111338056007105,0.18631931884304398,1p5c_OS_SSP2 / small
343,GConsumption,1p5c_OS_SSP2,small,PySRRegressor,3,-5.733175711952754e-09,-0.00011334693593445522,1p5c_OS_SSP2 / small
344,GConsumption,1p5c_OS_SSP2,small,PySRRegressor,4,0.008850268289715135,0.007962846474098617,1p5c_OS_SSP2 / small
345,GConsumption,1p5c_OS_SSP2,all,ElasticNet,0,0.197729591162494,0.18927069515096984,1p5c_OS_SSP2 / all
346,GConsumption,1p5c_OS_SSP2,all,ElasticNet,1,0.21639464287613808,0.1558862888844178,1p5c_OS_SSP2 / all
347,GConsumption,1p5c_OS_SSP2,all,ElasticNet,2,0.21176340194380983,0.1612777567766822,1p5c_OS_SSP2 / all
348,GConsumption,1p5c_OS_SSP2,all,ElasticNet,3,0.18365586330360006,0.2423999777986856,1p5c_OS_SSP2 / all
349,GConsumption,1p5c_OS_SSP2,all,ElasticNet,4,0.1905775905879814,0.20811860886530464,1p5c_OS_SSP2 / all
350,GConsumption,1p5c_OS_SSP2,all,RandomForestRegressor,0,0.9796410757236262,0.792990534149773,1p5c_OS_SSP2 / all
351,GConsumption,1p5c_OS_SSP2,all,RandomForestRegressor,1,0.9801992680225626,0.8812713518803901,1p5c_OS_SSP2 / all
352,GConsumption,1p5c_OS_SSP2,all,RandomForestRegressor,2,0.9772261819047658,0.8995387919004458,1p5c_OS_SSP2 / all
353,GConsumption,1p5c_OS_SSP2,all,RandomForestRegressor,3,0.9790285201122698,0.7688340041484844,1p5c_OS_SSP2 / all
354,GConsumption,1p5c_OS_SSP2,all,RandomForestRegressor,4,0.9794155540978977,0.8590249535570941,1p5c_OS_SSP2 / all
355,GConsumption,1p5c_OS_SSP2,all,PySRRegressor,0,0.820048538664264,0.7536333772998502,1p5c_OS_SSP2 / all
356,GConsumption,1p5c_OS_SSP2,all,PySRRegressor,1,0.7730580977519077,0.8037745081495974,1p5c_OS_SSP2 / all
357,GConsumption,1p5c_OS_SSP2,all,PySRRegressor,2,0.7347944218567024,0.7556799730706802,1p5c_OS_SSP2 / all
358,GConsumption,1p5c_OS_SSP2,all,PySRRegressor,3,0.8241843575663842,0.7822388465962062,1p5c_OS_SSP2 / all
359,GConsumption,1p5c_OS_SSP2,all,PySRRegressor,4,0.7964627173824999,0.7958143604536436,1p5c_OS_SSP2 / all
360,GConsumption,2C_SSP2,small,ElasticNet,0,0.05407813278334073,0.05743500106758781,2C_SSP2 / small
361,GConsumption,2C_SSP2,small,ElasticNet,1,0.057305189772152376,0.05235441603380786,2C_SSP2 / small
362,GConsumption,2C_SSP2,small,ElasticNet,2,0.062327327180775494,0.03736957132888208,2C_SSP2 / small
363,GConsumption,2C_SSP2,small,ElasticNet,3,0.051923793123488604,0.06682600667063632,2C_SSP2 / small
364,GConsumption,2C_SSP2,small,ElasticNet,4,0.058471731274605254,0.05279077377454333,2C_SSP2 / small
365,GConsumption,2C_SSP2,small,RandomForestRegressor,0,0.8773216909126366,0.19648782967300416,2C_SSP2 / small
366,GConsumption,2C_SSP2,small,RandomForestRegressor,1,0.8772555556402215,0.13353540258564378,2C_SSP2 / small
367,GConsumption,2C_SSP2,small,RandomForestRegressor,2,0.8817686006882823,0.021961627061619193,2C_SSP2 / small
368,GConsumption,2C_SSP2,small,RandomForestRegressor,3,0.8781199182233459,0.09254965944946558,2C_SSP2 / small
369,GConsumption,2C_SSP2,small,RandomForestRegressor,4,0.8696343189436919,0.256191510983965,2C_SSP2 / small
370,GConsumption,2C_SSP2,small,PySRRegressor,0,0.005800152348401366,-0.001174762091223469,2C_SSP2 / small
371,GConsumption,2C_SSP2,small,PySRRegressor,1,-2.770295104426168e-10,-6.834491514950969e-06,2C_SSP2 / small
372,GConsumption,2C_SSP2,small,PySRRegressor,2,0.006284714156702065,-0.0015231556979244942,2C_SSP2 / small
373,GConsumption,2C_SSP2,small,PySRRegressor,3,0.005626946957122958,0.006948020287958934,2C_SSP2 / small
374,GConsumption,2C_SSP2,small,PySRRegressor,4,0.00596086506240856,0.005562307194408422,2C_SSP2 / small
375,GConsumption,2C_SSP2,all,ElasticNet,0,0.06623720452307968,0.06886682235239983,2C_SSP2 / all
376,GConsumption,2C_SSP2,all,ElasticNet,1,0.06848980842840424,0.0634446844580866,2C_SSP2 / all
377,GConsumption,2C_SSP2,all,ElasticNet,2,0.07325019725289628,0.04932661598544008,2C_SSP2 / all
378,GConsumption,2C_SSP2,all,ElasticNet,3,0.06347230270910187,0.07807728702462813,2C_SSP2 / all
379,GConsumption,2C_SSP2,all,ElasticNet,4,0.07008178946491461,0.06401998021785726,2C_SSP2 / all
380,GConsumption,2C_SSP2,all,RandomForestRegressor,0,0.9920176197693871,0.9301228323926284,2C_SSP2 / all
381,GConsumption,2C_SSP2,all,RandomForestRegressor,1,0.9913948427044564,0.9416480546137415,2C_SSP2 / all
382,GConsumption,2C_SSP2,all,RandomForestRegressor,2,0.9918812202523454,0.9575687909936972,2C_SSP2 / all
383,GConsumption,2C_SSP2,all,RandomForestRegressor,3,0.9918015875851636,0.9551443514570094,2C_SSP2 / all
384,GConsumption,2C_SSP2,all,RandomForestRegressor,4,0.9918259813665034,0.9246949268294469,2C_SSP2 / all
385,GConsumption,2C_SSP2,all,PySRRegressor,0,0.9655783984683042,0.9640073876165235,2C_SSP2 / all
386,GConsumption,2C_SSP2,all,PySRRegressor,1,0.9492579246090237,0.9541529726933397,2C_SSP2 / all
387,GConsumption,2C_SSP2,all,PySRRegressor,2,0.9757619738742221,0.9707330332432811,2C_SSP2 / all
388,GConsumption,2C_SSP2,all,PySRRegressor,3,0.9533965104292323,0.95571599061914,2C_SSP2 / all
389,GConsumption,2C_SSP2,all,PySRRegressor,4,0.9704771356340829,0.9770083158479729,2C_SSP2 / all
390,GConsumption,2C_SSP2_DA30,small,ElasticNet,0,0.254270212051921,0.2522697205388047,2C_SSP2_DA30 / small
391,GConsumption,2C_SSP2_DA30,small,ElasticNet,1,0.273690633049157,0.21237767533927687,2C_SSP2_DA30 / small
392,GConsumption,2C_SSP2_DA30,small,ElasticNet,2,0.27222215307834874,0.22207985270837893,2C_SSP2_DA30 / small
393,GConsumption,2C_SSP2_DA30,small,ElasticNet,3,0.24064859070882616,0.2858579471995092,2C_SSP2_DA30 / small
394,GConsumption,2C_SSP2_DA30,small,ElasticNet,4,0.24001749441883968,0.26258143863785244,2C_SSP2_DA30 / small
395,GConsumption,2C_SSP2_DA30,small,RandomForestRegressor,0,0.9208112430425969,0.5445266323202311,2C_SSP2_DA30 / small
396,GConsumption,2C_SSP2_DA30,small,RandomForestRegressor,1,0.9254968125206867,0.3878308307527405,2C_SSP2_DA30 / small
397,GConsumption,2C_SSP2_DA30,small,RandomForestRegressor,2,0.9240745523726337,0.3267280134711227,2C_SSP2_DA30 / small
398,GConsumption,2C_SSP2_DA30,small,RandomForestRegressor,3,0.9237726828825366,0.3873252589091033,2C_SSP2_DA30 / small
399,GConsumption,2C_SSP2_DA30,small,RandomForestRegressor,4,0.9162313947569858,0.5740102056455867,2C_SSP2_DA30 / small
400,GConsumption,2C_SSP2_DA30,small,PySRRegressor,0,0.3379406540317582,0.35441663871225915,2C_SSP2_DA30 / small
401,GConsumption,2C_SSP2_DA30,small,PySRRegressor,1,0.36159729236772764,0.25930791430518996,2C_SSP2_DA30 / small
402,GConsumption,2C_SSP2_DA30,small,PySRRegressor,2,0.358430155791711,0.25977877977536257,2C_SSP2_DA30 / small
403,GConsumption,2C_SSP2_DA30,small,PySRRegressor,3,0.326690726343589,0.3985993540038886,2C_SSP2_DA30 / small
404,GConsumption,2C_SSP2_DA30,small,PySRRegressor,4,0.3268807265950795,0.38749441297560894,2C_SSP2_DA30 / small
405,GConsumption,2C_SSP2_DA30,all,ElasticNet,0,0.26114335197624605,0.2582534501924598,2C_SSP2_DA30 / all
406,GConsumption,2C_SSP2_DA30,all,ElasticNet,1,0.2795553351475314,0.21973773111012995,2C_SSP2_DA30 / all
407,GConsumption,2C_SSP2_DA30,all,ElasticNet,2,0.278100861003849,0.22999200945720455,2C_SSP2_DA30 / all
408,GConsumption,2C_SSP2_DA30,all,ElasticNet,3,0.247502608237555,0.29167826125608565,2C_SSP2_DA30 / all
409,GConsumption,2C_SSP2_DA30,all,ElasticNet,4,0.24693112966102337,0.2677343836770699,2C_SSP2_DA30 / all
410,GConsumption,2C_SSP2_DA30,all,RandomForestRegressor,0,0.982536480830568,0.8453844572015747,2C_SSP2_DA30 / all
411,GConsumption,2C_SSP2_DA30,all,RandomForestRegressor,1,0.9803649885866963,0.8967143719977622,2C_SSP2_DA30 / all
412,GConsumption,2C_SSP2_DA30,all,RandomForestRegressor,2,0.9825915837228093,0.9029819442570425,2C_SSP2_DA30 / all
413,GConsumption,2C_SSP2_DA30,all,RandomForestRegressor,3,0.9834495233070898,0.815441612338278,2C_SSP2_DA30 / all
414,GConsumption,2C_SSP2_DA30,all,RandomForestRegressor,4,0.9786141921011876,0.9045671667371391,2C_SSP2_DA30 / all
415,GConsumption,2C_SSP2_DA30,all,PySRRegressor,0,0.7492048160390927,0.6947878011217834,2C_SSP2_DA30 / all
416,GConsumption,2C_SSP2_DA30,all,PySRRegressor,1,0.7418410160562104,0.7829122860829675,2C_SSP2_DA30 / all
417,GConsumption,2C_SSP2_DA30,all,PySRRegressor,2,0.809284779278351,0.8238206035675174,2C_SSP2_DA30 / all
418,GConsumption,2C_SSP2_DA30,all,PySRRegressor,3,0.823683790494103,0.76680049594905,2C_SSP2_DA30 / all
419,GConsumption,2C_SSP2_DA30,all,PySRRegressor,4,0.7902966852367357,0.8129585133468842,2C_SSP2_DA30 / all
420,GConsumption,ALL,small_inc_enc,ElasticNet,0,0.1559727559464935,-0.09034238741823541,ALL / small_inc_enc
421,GConsumption,ALL,small_inc_enc,ElasticNet,1,0.12489778958977538,0.0798539211865168,ALL / small_inc_enc
422,GConsumption,ALL,small_inc_enc,ElasticNet,2,0.10488156294108297,0.11667457144083138,ALL / small_inc_enc
423,GConsumption,ALL,small_inc_enc,ElasticNet,3,0.10847802344661006,0.09103562004423871,ALL / small_inc_enc
424,GConsumption,ALL,small_inc_enc,ElasticNet,4,0.08293196525150281,0.10783929411329951,ALL / small_inc_enc
425,GConsumption,ALL,small_inc_enc,RandomForestRegressor,0,0.9689215579124831,0.7369459626784256,ALL / small_inc_enc
426,GConsumption,ALL,small_inc_enc,RandomForestRegressor,1,0.9538216966080049,0.706005185701799,ALL / small_inc_enc
427,GConsumption,ALL,small_inc_enc,RandomForestRegressor,2,0.9564894597397289,0.8501445485653621,ALL / small_inc_enc
428,GConsumption,ALL,small_inc_enc,RandomForestRegressor,3,0.9608891713041223,0.8220146888458951,ALL / small_inc_enc
429,GConsumption,ALL,small_inc_enc,RandomForestRegressor,4,0.9560240630661664,0.8347515535722131,ALL / small_inc_enc
430,GConsumption,ALL,small_inc_enc,PySRRegressor,0,-9.792571198374844e-10,-0.05409087466879692,ALL / small_inc_enc
431,GConsumption,ALL,small_inc_enc,PySRRegressor,1,0.0064975102201150214,0.006115892872718742,ALL / small_inc_enc
432,GConsumption,ALL,small_inc_enc,PySRRegressor,2,-5.205573749833547e-10,-0.0357670862819619,ALL / small_inc_enc
433,GConsumption,ALL,small_inc_enc,PySRRegressor,3,0.006431090920404281,-0.04214022277710905,ALL / small_inc_enc
434,GConsumption,ALL,small_inc_enc,PySRRegressor,4,-8.768605841424915e-10,-0.02372276531155082,ALL / small_inc_enc
435,GConsumption,ALL,all_inc_enc,ElasticNet,0,0.16391493454353634,-0.07906597133366677,ALL / all_inc_enc
436,GConsumption,ALL,all_inc_enc,ElasticNet,1,0.13337552237759287,0.08890132820680452,ALL / all_inc_enc
437,GConsumption,ALL,all_inc_enc,ElasticNet,2,0.11367882636171855,0.1257305379000615,ALL / all_inc_enc
438,GConsumption,ALL,all_inc_enc,ElasticNet,3,0.11709702752454842,0.10024411310398795,ALL / all_inc_enc
439,GConsumption,ALL,all_inc_enc,ElasticNet,4,0.09226075862181282,0.11433764765871446,ALL / all_inc_enc
440,GConsumption,ALL,all_inc_enc,RandomForestRegressor,0,0.9865346578115382,0.9026533722288552,ALL / all_inc_enc
441,GConsumption,ALL,all_inc_enc,RandomForestRegressor,1,0.9857748583724577,0.8916330393080467,ALL / all_inc_enc
442,GConsumption,ALL,all_inc_enc,RandomForestRegressor,2,0.9863090778231464,0.8340997930710302,ALL / all_inc_enc
443,GConsumption,ALL,all_inc_enc,RandomForestRegressor,3,0.9868977870385822,0.8125150737609187,ALL / all_inc_enc
444,GConsumption,ALL,all_inc_enc,RandomForestRegressor,4,0.9827026589805107,0.7590956933665296,ALL / all_inc_enc
445,GConsumption,ALL,all_inc_enc,PySRRegressor,0,0.6978162329048708,0.582510012646941,ALL / all_inc_enc
446,GConsumption,ALL,all_inc_enc,PySRRegressor,1,0.6958882723360778,0.6969316304153146,ALL / all_inc_enc
447,GConsumption,ALL,all_inc_enc,PySRRegressor,2,0.7489149252688581,0.775783623084861,ALL / all_inc_enc
448,GConsumption,ALL,all_inc_enc,PySRRegressor,3,0.6927320378890429,0.6477955089170732,ALL / all_inc_enc
449,GConsumption,ALL,all_inc_enc,PySRRegressor,4,0.7386127909582858,0.3945054024114948,ALL / all_inc_enc
450,GCost,BASE_SSP2,small,ElasticNet,0,0.0,-0.006467000929439859,BASE_SSP2 / small
451,GCost,BASE_SSP2,small,ElasticNet,1,0.0,-0.00014334787682401817,BASE_SSP2 / small
452,GCost,BASE_SSP2,small,ElasticNet,2,0.0,-0.000453942886674108,BASE_SSP2 / small
453,GCost,BASE_SSP2,small,ElasticNet,3,0.0,-8.17939851625038e-05,BASE_SSP2 / small
454,GCost,BASE_SSP2,small,ElasticNet,4,0.0,-0.003350427741830142,BASE_SSP2 / small
455,GCost,BASE_SSP2,small,RandomForestRegressor,0,0.8844906035661879,0.2517474364355009,BASE_SSP2 / small
456,GCost,BASE_SSP2,small,RandomForestRegressor,1,0.8918939568283942,0.1834049508229172,BASE_SSP2 / small
457,GCost,BASE_SSP2,small,RandomForestRegressor,2,0.8914665852425727,0.1764222525877066,BASE_SSP2 / small
458,GCost,BASE_SSP2,small,RandomForestRegressor,3,0.886719494440131,0.1997455270223505,BASE_SSP2 / small
459,GCost,BASE_SSP2,small,RandomForestRegressor,4,0.8903111961213874,0.18458105550305004,BASE_SSP2 / small
460,GCost,BASE_SSP2,small,PySRRegressor,0,-1.0021428131778976e-10,-0.006468745362997241,BASE_SSP2 / small
461,GCost,BASE_SSP2,small,PySRRegressor,1,-2.263300658000844e-10,-0.00014369751771647898,BASE_SSP2 / small
462,GCost,BASE_SSP2,small,PySRRegressor,2,-1.5481171899978108e-11,-0.00045410640951493164,BASE_SSP2 / small
463,GCost,BASE_SSP2,small,PySRRegressor,3,0.17116344076798817,0.2269138258659953,BASE_SSP2 / small
464,GCost,BASE_SSP2,small,PySRRegressor,4,0.19781679279370457,0.11878511465315134,BASE_SSP2 / small
465,GCost,BASE_SSP2,all,ElasticNet,0,0.0,-0.006467000929439859,BASE_SSP2 / all
466,GCost,BASE_SSP2,all,ElasticNet,1,0.0,-0.00014334787682401817,BASE_SSP2 / all
467,GCost,BASE_SSP2,all,ElasticNet,2,0.0,-0.000453942886674108,BASE_SSP2 / all
468,GCost,BASE_SSP2,all,ElasticNet,3,0.0,-8.17939851625038e-05,BASE_SSP2 / all
469,GCost,BASE_SSP2,all,ElasticNet,4,0.0,-0.003350427741830142,BASE_SSP2 / all
470,GCost,BASE_SSP2,all,RandomForestRegressor,0,0.9896085358219139,0.9218131700633752,BASE_SSP2 / all
471,GCost,BASE_SSP2,all,RandomForestRegressor,1,0.9897792070396129,0.9353274051597832,BASE_SSP2 / all
472,GCost,BASE_SSP2,all,RandomForestRegressor,2,0.9894253431366733,0.9281328167708762,BASE_SSP2 / all
473,GCost,BASE_SSP2,all,RandomForestRegressor,3,0.990099216280118,0.9304307259607549,BASE_SSP2 / all
474,GCost,BASE_SSP2,all,RandomForestRegressor,4,0.9901027974813316,0.9219172218034828,BASE_SSP2 / all
475,GCost,BASE_SSP2,all,PySRRegressor,0,0.985578196432084,0.9862343609662968,BASE_SSP2 / all
476,GCost,BASE_SSP2,all,PySRRegressor,1,0.9893257245508783,0.9883102460419048,BASE_SSP2 / all
477,GCost,BASE_SSP2,all,PySRRegressor,2,0.9877828694696805,0.9878239442088208,BASE_SSP2 / all
478,GCost,BASE_SSP2,all,PySRRegressor,3,0.9871770849290589,0.9874451345372396,BASE_SSP2 / all
479,GCost,BASE_SSP2,all,PySRRegressor,4,0.9900394432046843,0.9901242158566306,BASE_SSP2 / all
480,GCost,1p5c_OS_SSP2,small,ElasticNet,0,0.6503020965910269,0.6452440464414866,1p5c_OS_SSP2 / small
481,GCost,1p5c_OS_SSP2,small,ElasticNet,1,0.6514011813310618,0.6327688185796511,1p5c_OS_SSP2 / small
482,GCost,1p5c_OS_SSP2,small,ElasticNet,2,0.6486251264953764,0.6471611862216289,1p5c_OS_SSP2 / small
483,GCost,1p5c_OS_SSP2,small,ElasticNet,3,0.625216597923095,0.641766816742724,1p5c_OS_SSP2 / small
484,GCost,1p5c_OS_SSP2,small,ElasticNet,4,0.6293182081195174,0.6303413702243672,1p5c_OS_SSP2 / small
485,GCost,1p5c_OS_SSP2,small,RandomForestRegressor,0,0.9920481320678969,0.9498094031332464,1p5c_OS_SSP2 / small
486,GCost,1p5c_OS_SSP2,small,RandomForestRegressor,1,0.9926157974534571,0.9360983398012583,1p5c_OS_SSP2 / small
487,GCost,1p5c_OS_SSP2,small,RandomForestRegressor,2,0.9928068599252362,0.9334950553322393,1p5c_OS_SSP2 / small
488,GCost,1p5c_OS_SSP2,small,RandomForestRegressor,3,0.9924044568068241,0.9528460829343219,1p5c_OS_SSP2 / small
489,GCost,1p5c_OS_SSP2,small,RandomForestRegressor,4,0.9915452695255034,0.9571957861875908,1p5c_OS_SSP2 / small
490,GCost,1p5c_OS_SSP2,small,PySRRegressor,0,0.9258079766437528,0.9264553433571773,1p5c_OS_SSP2 / small
491,GCost,1p5c_OS_SSP2,small,PySRRegressor,1,0.9274316127289144,0.9189726035944514,1p5c_OS_SSP2 / small
492,GCost,1p5c_OS_SSP2,small,PySRRegressor,2,0.928554186120631,0.9133645452468608,1p5c_OS_SSP2 / small
493,GCost,1p5c_OS_SSP2,small,PySRRegressor,3,0.9234261254238603,0.9341030813155116,1p5c_OS_SSP2 / small
494,GCost,1p5c_OS_SSP2,small,PySRRegressor,4,0.9242439453031348,0.9314241518788735,1p5c_OS_SSP2 / small
495,GCost,1p5c_OS_SSP2,all,ElasticNet,0,0.6503020965910269,0.6452440464414866,1p5c_OS_SSP2 / all
496,GCost,1p5c_OS_SSP2,all,ElasticNet,1,0.6514011813310618,0.6327688185796511,1p5c_OS_SSP2 / all
497,GCost,1p5c_OS_SSP2,all,ElasticNet,2,0.6486251264953764,0.6471611862216289,1p5c_OS_SSP2 / all
498,GCost,1p5c_OS_SSP2,all,ElasticNet,3,0.625216597923095,0.641766816742724,1p5c_OS_SSP2 / all
499,GCost,1p5c_OS_SSP2,all,ElasticNet,4,0.6293182081195174,0.6303413702243672,1p5c_OS_SSP2 / all
500,GCost,1p5c_OS_SSP2,all,RandomForestRegressor,0,0.996980668892344,0.9790092879441628,1p5c_OS_SSP2 / all
501,GCost,1p5c_OS_SSP2,all,RandomForestRegressor,1,0.997243034699995,0.9731593518102825,1p5c_OS_SSP2 / all
502,GCost,1p5c_OS_SSP2,all,RandomForestRegressor,2,0.9968851621445869,0.9778735177942299,1p5c_OS_SSP2 / all
503,GCost,1p5c_OS_SSP2,all,RandomForestRegressor,3,0.9969244940000163,0.9823813336823747,1p5c_OS_SSP2 / all
504,GCost,1p5c_OS_SSP2,all,RandomForestRegressor,4,0.9969086260456421,0.9841330123217146,1p5c_OS_SSP2 / all
505,GCost,1p5c_OS_SSP2,all,PySRRegressor,0,0.9813979684238754,0.9819747292925793,1p5c_OS_SSP2 / all
506,GCost,1p5c_OS_SSP2,all,PySRRegressor,1,0.9766127870040661,0.977372659165192,1p5c_OS_SSP2 / all
507,GCost,1p5c_OS_SSP2,all,PySRRegressor,2,0.9805951669082843,0.9762724034808778,1p5c_OS_SSP2 / all
508,GCost,1p5c_OS_SSP2,all,PySRRegressor,3,0.9829408168063254,0.9819833454571324,1p5c_OS_SSP2 / all
509,GCost,1p5c_OS_SSP2,all,PySRRegressor,4,0.9752572700626689,0.9789126375835878,1p5c_OS_SSP2 / all
510,GCost,2C_SSP2,small,ElasticNet,0,0.3536964084286808,0.3639389465262103,2C_SSP2 / small
511,GCost,2C_SSP2,small,ElasticNet,1,0.3607676281673302,0.3183188278832598,2C_SSP2 / small
512,GCost,2C_SSP2,small,ElasticNet,2,0.35910656459864543,0.3320054318795943,2C_SSP2 / small
513,GCost,2C_SSP2,small,ElasticNet,3,0.3313212532973683,0.349120574842945,2C_SSP2 / small
514,GCost,2C_SSP2,small,ElasticNet,4,0.3217654180025452,0.3388055592177127,2C_SSP2 / small
515,GCost,2C_SSP2,small,RandomForestRegressor,0,0.9673190399561369,0.7729528294846395,2C_SSP2 / small
516,GCost,2C_SSP2,small,RandomForestRegressor,1,0.9687393714473308,0.7425763389722531,2C_SSP2 / small
517,GCost,2C_SSP2,small,RandomForestRegressor,2,0.969657288037203,0.7302663423577007,2C_SSP2 / small
518,GCost,2C_SSP2,small,RandomForestRegressor,3,0.9665317445488312,0.7722887618884695,2C_SSP2 / small
519,GCost,2C_SSP2,small,RandomForestRegressor,4,0.9635051741640808,0.8325989127575258,2C_SSP2 / small
520,GCost,2C_SSP2,small,PySRRegressor,0,0.7755032566365905,0.7961400826954219,2C_SSP2 / small
521,GCost,2C_SSP2,small,PySRRegressor,1,0.7284979417897295,0.6609865235967922,2C_SSP2 / small
522,GCost,2C_SSP2,small,PySRRegressor,2,0.7214530051195946,0.6859030987127077,2C_SSP2 / small
523,GCost,2C_SSP2,small,PySRRegressor,3,0.7664682071461564,0.7876899449587708,2C_SSP2 / small
524,GCost,2C_SSP2,small,PySRRegressor,4,0.7271264091324721,0.7814864008411525,2C_SSP2 / small
525,GCost,2C_SSP2,all,ElasticNet,0,0.3536964084286808,0.3639389465262103,2C_SSP2 / all
526,GCost,2C_SSP2,all,ElasticNet,1,0.3607676281673302,0.3183188278832598,2C_SSP2 / all
527,GCost,2C_SSP2,all,ElasticNet,2,0.35910656459864543,0.3320054318795943,2C_SSP2 / all
528,GCost,2C_SSP2,all,ElasticNet,3,0.3313212532973683,0.349120574842945,2C_SSP2 / all
529,GCost,2C_SSP2,all,ElasticNet,4,0.3217654180025452,0.3388055592177127,2C_SSP2 / all
530,GCost,2C_SSP2,all,RandomForestRegressor,0,0.9914009211466042,0.9339439312906669,2C_SSP2 / all
531,GCost,2C_SSP2,all,RandomForestRegressor,1,0.9915052799296583,0.9296972844185191,2C_SSP2 / all
532,GCost,2C_SSP2,all,RandomForestRegressor,2,0.9910314516403165,0.9477008190479379,2C_SSP2 / all
533,GCost,2C_SSP2,all,RandomForestRegressor,3,0.9910512547632326,0.9345791151078447,2C_SSP2 / all
534,GCost,2C_SSP2,all,RandomForestRegressor,4,0.9902777633954116,0.9527059389434362,2C_SSP2 / all
535,GCost,2C_SSP2,all,PySRRegressor,0,0.9639796495179896,0.9619215301694557,2C_SSP2 / all
536,GCost,2C_SSP2,all,PySRRegressor,1,0.9289397819358656,0.9166849293671503,2C_SSP2 / all
537,GCost,2C_SSP2,all,PySRRegressor,2,0.9391069398235748,0.9334256682656109,2C_SSP2 / all
538,GCost,2C_SSP2,all,PySRRegressor,3,0.9757540438661484,0.9761311018848466,2C_SSP2 / all
539,GCost,2C_SSP2,all,PySRRegressor,4,0.9452131160901014,0.9468468863610056,2C_SSP2 / all
540,GCost,2C_SSP2_DA30,small,ElasticNet,0,0.6270532668312139,0.6148814846838282,2C_SSP2_DA30 / small
541,GCost,2C_SSP2_DA30,small,ElasticNet,1,0.6279787566810471,0.611275787889102,2C_SSP2_DA30 / small
542,GCost,2C_SSP2_DA30,small,ElasticNet,2,0.6276138589599807,0.6269967743933151,2C_SSP2_DA30 / small
543,GCost,2C_SSP2_DA30,small,ElasticNet,3,0.6030557445876676,0.6270811211884653,2C_SSP2_DA30 / small
544,GCost,2C_SSP2_DA30,small,ElasticNet,4,0.6052224902750909,0.599739197485087,2C_SSP2_DA30 / small
545,GCost,2C_SSP2_DA30,small,RandomForestRegressor,0,0.9932173212185423,0.9540449281293958,2C_SSP2_DA30 / small
546,GCost,2C_SSP2_DA30,small,RandomForestRegressor,1,0.9934524260201871,0.9436944525641884,2C_SSP2_DA30 / small
547,GCost,2C_SSP2_DA30,small,RandomForestRegressor,2,0.9935372411939527,0.9367287732201414,2C_SSP2_DA30 / small
548,GCost,2C_SSP2_DA30,small,RandomForestRegressor,3,0.9932763714896385,0.9567627492380674,2C_SSP2_DA30 / small
549,GCost,2C_SSP2_DA30,small,RandomForestRegressor,4,0.9924834018645098,0.9631007597354512,2C_SSP2_DA30 / small
550,GCost,2C_SSP2_DA30,small,PySRRegressor,0,0.9414210088234122,0.9397802635493925,2C_SSP2_DA30 / small
551,GCost,2C_SSP2_DA30,small,PySRRegressor,1,0.9228806012591328,0.914340091167932,2C_SSP2_DA30 / small
552,GCost,2C_SSP2_DA30,small,PySRRegressor,2,0.9238424781018653,0.9088935875678137,2C_SSP2_DA30 / small
553,GCost,2C_SSP2_DA30,small,PySRRegressor,3,0.9199228835253569,0.9287132937139057,2C_SSP2_DA30 / small
554,GCost,2C_SSP2_DA30,small,PySRRegressor,4,0.9185856604526609,0.9299935423191967,2C_SSP2_DA30 / small
555,GCost,2C_SSP2_DA30,all,ElasticNet,0,0.6270532668312139,0.6148814846838282,2C_SSP2_DA30 / all
556,GCost,2C_SSP2_DA30,all,ElasticNet,1,0.6279787566810471,0.611275787889102,2C_SSP2_DA30 / all
557,GCost,2C_SSP2_DA30,all,ElasticNet,2,0.6276138589599807,0.6269967743933151,2C_SSP2_DA30 / all
558,GCost,2C_SSP2_DA30,all,ElasticNet,3,0.6030557445876676,0.6270811211884653,2C_SSP2_DA30 / all
559,GCost,2C_SSP2_DA30,all,ElasticNet,4,0.6052224902750909,0.599739197485087,2C_SSP2_DA30 / all
560,GCost,2C_SSP2_DA30,all,RandomForestRegressor,0,0.997427753093115,0.9823900178525437,2C_SSP2_DA30 / all
561,GCost,2C_SSP2_DA30,all,RandomForestRegressor,1,0.9976140829342414,0.9801523515710316,2C_SSP2_DA30 / all
562,GCost,2C_SSP2_DA30,all,RandomForestRegressor,2,0.9974154650133276,0.9783830743816849,2C_SSP2_DA30 / all
563,GCost,2C_SSP2_DA30,all,RandomForestRegressor,3,0.9974865722515951,0.9836655548981247,2C_SSP2_DA30 / all
564,GCost,2C_SSP2_DA30,all,RandomForestRegressor,4,0.9973391424694986,0.9852404873473364,2C_SSP2_DA30 / all
565,GCost,2C_SSP2_DA30,all,PySRRegressor,0,0.9695798357633274,0.9610762600926411,2C_SSP2_DA30 / all
566,GCost,2C_SSP2_DA30,all,PySRRegressor,1,0.9654925400429124,0.9684116165446255,2C_SSP2_DA30 / all
567,GCost,2C_SSP2_DA30,all,PySRRegressor,2,0.9753593627611786,0.9735297417795499,2C_SSP2_DA30 / all
568,GCost,2C_SSP2_DA30,all,PySRRegressor,3,0.9615515404860681,0.960551961526427,2C_SSP2_DA30 / all
569,GCost,2C_SSP2_DA30,all,PySRRegressor,4,0.9587300495992666,0.9710389375820871,2C_SSP2_DA30 / all
570,GCost,ALL,small_inc_enc,ElasticNet,0,0.4252259754016253,-3.0679284311193067,ALL / small_inc_enc
571,GCost,ALL,small_inc_enc,ElasticNet,1,0.4181934713723944,0.16508460239660727,ALL / small_inc_enc
572,GCost,ALL,small_inc_enc,ElasticNet,2,0.4361860408154109,0.2862801127299397,ALL / small_inc_enc
573,GCost,ALL,small_inc_enc,ElasticNet,3,0.48384398415382956,-0.1622526147830876,ALL / small_inc_enc
574,GCost,ALL,small_inc_enc,ElasticNet,4,0.37653162645713856,0.2995325507924981,ALL / small_inc_enc
575,GCost,ALL,small_inc_enc,RandomForestRegressor,0,0.9936024940581852,0.6202038421656443,ALL / small_inc_enc
576,GCost,ALL,small_inc_enc,RandomForestRegressor,1,0.9932833808736611,0.9571254752703142,ALL / small_inc_enc
577,GCost,ALL,small_inc_enc,RandomForestRegressor,2,0.9934266601904029,0.9579138385673989,ALL / small_inc_enc
578,GCost,ALL,small_inc_enc,RandomForestRegressor,3,0.9936901746972701,0.9221173242074214,ALL / small_inc_enc
579,GCost,ALL,small_inc_enc,RandomForestRegressor,4,0.9931500320472351,0.9454418403999773,ALL / small_inc_enc
580,GCost,ALL,small_inc_enc,PySRRegressor,0,0.8456223282054375,-6.350234766029056,ALL / small_inc_enc
581,GCost,ALL,small_inc_enc,PySRRegressor,1,0.8490013661354038,0.8381545586920429,ALL / small_inc_enc
582,GCost,ALL,small_inc_enc,PySRRegressor,2,0.8606707153083195,0.8216692993878951,ALL / small_inc_enc
583,GCost,ALL,small_inc_enc,PySRRegressor,3,0.8232035680329268,-0.030729683652039874,ALL / small_inc_enc
584,GCost,ALL,small_inc_enc,PySRRegressor,4,0.8884115337635824,0.7165292944639077,ALL / small_inc_enc
585,GCost,ALL,all_inc_enc,ElasticNet,0,0.4252259754016253,-3.0679284311193067,ALL / all_inc_enc
586,GCost,ALL,all_inc_enc,ElasticNet,1,0.4181934713723944,0.16508460239660727,ALL / all_inc_enc
587,GCost,ALL,all_inc_enc,ElasticNet,2,0.4361860408154109,0.2862801127299397,ALL / all_inc_enc
588,GCost,ALL,all_inc_enc,ElasticNet,3,0.48384398415382956,-0.1622526147830876,ALL / all_inc_enc
589,GCost,ALL,all_inc_enc,ElasticNet,4,0.37653162645713856,0.2995325507924981,ALL / all_inc_enc
590,GCost,ALL,all_inc_enc,RandomForestRegressor,0,0.9978959151173886,0.7920578682944701,ALL / all_inc_enc
591,GCost,ALL,all_inc_enc,RandomForestRegressor,1,0.9977681295382816,0.9778205240577588,ALL / all_inc_enc
592,GCost,ALL,all_inc_enc,RandomForestRegressor,2,0.9978095356899848,0.984931530338587,ALL / all_inc_enc
593,GCost,ALL,all_inc_enc,RandomForestRegressor,3,0.9969396223861684,0.8586228949151721,ALL / all_inc_enc
594,GCost,ALL,all_inc_enc,RandomForestRegressor,4,0.9977361634457409,0.9612319003569337,ALL / all_inc_enc
595,GCost,ALL,all_inc_enc,PySRRegressor,0,0.7053083847512018,-5.2201568880449525,ALL / all_inc_enc
596,GCost,ALL,all_inc_enc,PySRRegressor,1,0.7792395434568736,0.8491703877690739,ALL / all_inc_enc
597,GCost,ALL,all_inc_enc,PySRRegressor,2,0.6994896208632416,0.6765172294323291,ALL / all_inc_enc
598,GCost,ALL,all_inc_enc,PySRRegressor,3,0.8014028307823927,0.061642513974356494,ALL / all_inc_enc
599,GCost,ALL,all_inc_enc,PySRRegressor,4,0.8439281082793497,0.5265142110034206,ALL / all_inc_enc
